dt|tmp
2022-04-01 10:27:21.495000|0
2022-04-01 10:27:21.495000|0
2022-04-01 10:27:41.741000|0
2022-04-01 10:27:41.741000|0
2022-04-01 10:27:55.529000|1
2022-04-01 10:27:55.529000|0
2022-04-01 10:28:13.124000|0
2022-04-01 10:28:13.124000|0
2022-04-01 10:28:28.261000|0
2022-04-01 10:28:28.261000|1
2022-04-01 10:28:42.989000|0
2022-04-01 10:28:42.989000|1
2022-04-01 10:29:43.798000|0
2022-04-01 10:29:43.798000|0
2022-04-01 10:30:00.248000|0
2022-04-01 10:30:00.248000|1
2022-04-01 10:30:19.629000|1
2022-04-01 10:30:19.629000|0
2022-04-01 10:30:34.255000|0
2022-04-01 10:30:34.255000|1
2022-04-01 10:30:50.025000|1
2022-04-01 10:30:50.025000|0
2022-04-01 10:31:28.989000|0
2022-04-01 10:31:28.989000|0
2022-04-01 10:31:45.722000|1
2022-04-01 10:31:45.722000|0
2022-04-01 10:32:02.259000|1
2022-04-01 10:32:02.259000|0
2022-04-01 10:32:17.049000|1
2022-04-01 10:32:17.049000|0
2022-04-01 10:32:53.790000|0
2022-04-01 10:32:53.790000|0
2022-04-01 10:33:35.134000|1
2022-04-01 10:33:35.134000|0
2022-04-01 10:34:00.070000|1
2022-04-01 10:34:00.070000|0
2022-04-01 10:34:18.394000|1
2022-04-01 10:34:18.394000|0
2022-04-01 10:35:28.399000|1
2022-04-01 10:35:28.399000|0
2022-04-01 10:35:48.733000|0
2022-04-01 10:35:48.733000|0
2022-04-01 10:36:16.708000|0
2022-04-01 10:36:16.708000|0
2022-04-01 10:36:38.687000|0
2022-04-01 10:36:38.687000|0
2022-04-01 10:37:11.962000|1
2022-04-01 10:37:11.962000|0
2022-04-01 10:38:01.436000|0
2022-04-01 10:38:01.436000|0
2022-04-01 10:38:16.943000|0
2022-04-01 10:38:16.943000|1
2022-04-01 10:38:33.897000|0
2022-04-01 10:38:33.897000|0
2022-04-01 10:38:53.092000|1
2022-04-01 10:38:53.092000|0
2022-04-01 10:39:33.544000|0
2022-04-01 10:39:33.544000|0
2022-04-01 10:40:19.597000|0
2022-04-01 10:40:19.597000|0
2022-04-01 10:41:01.050000|0
2022-04-01 10:41:01.050000|0
2022-04-01 10:41:18.846000|0
2022-04-01 10:41:18.846000|0
2022-04-01 10:41:32.765000|0
2022-04-01 10:41:32.765000|0
2022-04-01 10:46:35.647000|0
2022-04-01 10:46:35.647000|0
2022-04-01 10:46:51.947000|0
2022-04-01 10:46:51.947000|0
2022-04-01 10:47:08.581000|0
2022-04-01 10:47:08.581000|1
2022-04-01 10:47:43.842000|0
2022-04-01 10:47:43.842000|0
2022-04-01 10:47:59.581000|0
2022-04-01 10:47:59.581000|0
2022-04-01 10:48:15.902000|1
2022-04-01 10:48:15.902000|0
2022-04-01 10:48:36.828000|0
2022-04-01 10:48:36.828000|0
2022-04-01 10:48:51.074000|1
2022-04-01 10:48:51.074000|0
2022-04-01 10:49:33.685000|0
2022-04-01 10:49:33.685000|0
2022-04-01 15:36:29.575000|2
2022-04-01 15:36:29.575000|2
2022-04-01 15:37:18.846000|2
2022-04-01 15:37:18.846000|2
2022-04-01 15:38:16.160000|2
2022-04-01 15:38:16.160000|1
2022-04-01 15:39:07.000000|0
2022-04-01 15:39:07.000000|0
2022-04-01 15:39:31.363000|1
2022-04-01 15:39:31.363000|2
2022-04-01 15:40:06.584000|1
2022-04-01 15:40:06.584000|2
2022-04-01 15:40:29.480000|2
2022-04-01 15:40:29.480000|1
2022-04-01 15:41:08.606000|1
2022-04-01 15:41:08.606000|2
2022-04-01 15:41:31.628000|2
2022-04-01 15:41:31.628000|2
2022-04-01 15:42:04.721000|2
2022-04-01 15:42:04.721000|1
2022-04-01 15:47:40.858000|3
2022-04-01 15:47:40.858000|2
2022-04-01 15:48:16.894000|2
2022-04-01 15:48:16.894000|2
2022-04-01 15:51:21.147000|1
2022-04-01 15:51:21.147000|1
2022-04-01 15:51:44.258000|1
2022-04-01 15:51:44.258000|1
2022-04-01 15:58:39.364000|1
2022-04-01 15:58:39.364000|2
2022-04-01 16:20:23.781000|1
2022-04-01 16:20:23.781000|0
2022-04-01 16:22:07.060000|0
2022-04-01 16:22:07.060000|0
2022-04-01 16:23:02.224000|0
2022-04-01 16:23:02.224000|0
2022-04-01 16:23:40.893000|0
2022-04-01 16:23:40.893000|0
2022-04-01 16:29:15.935000|0
2022-04-01 16:29:15.935000|2
2022-04-01 16:43:05.447000|0
2022-04-01 16:43:05.447000|0
2022-04-01 16:43:40.933000|1
2022-04-01 16:43:40.933000|0
2022-04-01 16:44:33.321000|0
2022-04-01 16:44:33.321000|0
2022-04-01 16:45:02.370000|0
2022-04-01 16:45:02.370000|0
2022-04-01 16:45:36.423000|0
2022-04-01 16:45:36.423000|0
2022-04-01 16:46:07.421000|0
2022-04-01 16:46:07.421000|0
2022-04-01 16:46:53.774000|1
2022-04-01 16:46:53.774000|0
2022-04-01 16:47:37.925000|1
2022-04-01 16:47:37.925000|0
2022-04-01 16:48:09.087000|0
2022-04-01 16:48:09.087000|0
2022-04-01 19:49:19.362000|1
2022-04-01 19:49:19.362000|3
2022-04-04 12:57:48.508000|3
2022-04-04 12:57:48.508000|2
2022-04-04 12:59:27.621000|2
2022-04-04 12:59:27.621000|2
2022-04-04 15:34:15.830000|0
2022-04-04 15:34:15.830000|0
2022-04-04 15:34:34.309000|0
2022-04-04 15:34:34.309000|0
2022-04-04 15:34:50.262000|0
2022-04-04 15:34:50.262000|0
2022-04-04 15:35:09.089000|0
2022-04-04 15:35:09.089000|0
2022-04-04 15:35:22.638000|0
2022-04-04 15:35:22.638000|0
2022-04-04 15:35:37.906000|0
2022-04-04 15:35:37.906000|0
2022-04-04 15:36:29.493000|0
2022-04-04 15:36:29.493000|0
2022-04-04 15:36:43.796000|0
2022-04-04 15:36:43.796000|0
2022-04-04 15:36:57.798000|0
2022-04-04 15:36:57.798000|0
2022-04-04 15:37:13.960000|0
2022-04-04 15:37:13.960000|0
2022-04-04 15:37:33.039000|0
2022-04-04 15:37:33.039000|0
2022-04-04 15:38:11.976000|0
2022-04-04 15:38:11.976000|0
2022-04-04 15:38:28.182000|0
2022-04-04 15:38:28.182000|0
2022-04-04 15:38:42.502000|0
2022-04-04 15:38:42.502000|0
2022-04-04 15:39:00.117000|0
2022-04-04 15:39:00.117000|0
2022-04-04 15:39:44.187000|0
2022-04-04 15:39:44.187000|0
2022-04-04 15:40:24.739000|0
2022-04-04 15:40:24.739000|0
2022-04-04 15:40:39.519000|0
2022-04-04 15:40:39.519000|0
2022-04-04 15:40:57.603000|0
2022-04-04 15:40:57.603000|0
2022-04-04 15:41:43.903000|0
2022-04-04 15:41:43.903000|0
2022-04-04 15:41:58.475000|0
2022-04-04 15:41:58.475000|0
2022-04-04 15:42:15.762000|0
2022-04-04 15:42:15.762000|0
2022-04-04 15:42:45.801000|0
2022-04-04 15:42:45.801000|0
2022-04-04 15:43:01.703000|0
2022-04-04 15:43:01.703000|0
2022-04-04 15:43:36.839000|0
2022-04-04 15:43:36.839000|0
2022-04-04 15:43:55.128000|0
2022-04-04 15:43:55.128000|0
2022-04-04 15:44:11.506000|0
2022-04-04 15:44:11.506000|0
2022-04-04 15:44:33.425000|0
2022-04-04 15:44:33.425000|0
2022-04-04 15:45:17.845000|0
2022-04-04 15:45:17.845000|0
2022-04-04 15:45:57.952000|0
2022-04-04 15:45:57.952000|0
2022-04-04 15:46:38.133000|0
2022-04-04 15:46:38.133000|0
2022-04-04 15:46:54.048000|0
2022-04-04 15:46:54.048000|0
2022-04-04 15:47:09.648000|0
2022-04-04 15:47:09.648000|0
2022-04-04 15:48:49.118000|0
2022-04-04 15:48:49.118000|0
2022-04-04 15:49:03.446000|0
2022-04-04 15:49:03.446000|0
2022-04-04 15:49:19.176000|0
2022-04-04 15:49:19.176000|0
2022-04-04 15:49:41.360000|0
2022-04-04 15:49:41.360000|0
2022-04-04 15:50:20.631000|0
2022-04-04 15:50:20.631000|0
2022-04-04 15:50:36.050000|0
2022-04-04 15:50:36.050000|0
2022-04-04 15:50:57.668000|0
2022-04-04 15:50:57.668000|0
2022-04-04 15:51:13.964000|0
2022-04-04 15:51:13.964000|0
2022-04-04 15:51:31.531000|0
2022-04-04 15:51:31.531000|0
2022-04-04 15:52:08.491000|0
2022-04-04 15:52:08.491000|0
2022-04-05 11:39:45.013000|2
2022-04-05 11:39:45.013000|2
2022-04-05 11:40:24.354000|2
2022-04-05 11:40:24.354000|2
2022-04-05 11:41:05.834000|2
2022-04-05 11:41:05.834000|2
2022-04-05 11:41:32.928000|2
2022-04-05 11:41:32.928000|2
2022-04-05 11:42:10.439000|2
2022-04-05 11:42:10.439000|2
2022-04-05 11:42:34.391000|2
2022-04-05 11:42:34.391000|2
2022-04-05 11:42:57.395000|2
2022-04-05 11:42:57.395000|2
2022-04-05 11:43:18.666000|2
2022-04-05 11:43:18.666000|2
2022-04-05 11:44:45.246000|2
2022-04-05 11:44:45.246000|2
2022-04-05 11:51:29.783000|2
2022-04-05 11:51:29.783000|2
2022-04-05 11:52:32.510000|2
2022-04-05 11:52:32.510000|2
2022-04-05 11:53:07.966000|2
2022-04-05 11:53:07.966000|2
2022-04-05 11:53:24.189000|2
2022-04-05 11:53:24.189000|2
2022-04-05 13:31:55.913000|1
2022-04-05 13:31:55.913000|1
2022-04-05 13:32:13.050000|1
2022-04-05 13:32:13.050000|1
2022-04-05 13:32:27.865000|1
2022-04-05 13:32:27.865000|1
2022-04-05 13:32:41.633000|1
2022-04-05 13:32:41.633000|1
2022-04-05 13:32:58.778000|1
2022-04-05 13:32:58.778000|1
2022-04-05 13:33:15.480000|1
2022-04-05 13:33:15.480000|1
2022-04-05 13:33:30.953000|1
2022-04-05 13:33:30.953000|1
2022-04-05 13:34:31.996000|1
2022-04-05 13:34:31.996000|1
2022-04-05 13:51:27.462000|1
2022-04-05 13:51:27.462000|1
2022-04-05 13:52:17.483000|1
2022-04-05 13:52:17.483000|1
2022-04-05 13:53:08.595000|1
2022-04-05 13:53:08.595000|1
2022-04-05 13:53:42.923000|1
2022-04-05 13:53:42.923000|1
2022-04-05 13:54:22.406000|1
2022-04-05 13:54:22.406000|1
2022-04-05 13:55:04.523000|1
2022-04-05 13:55:04.523000|1
2022-04-05 13:55:39.843000|1
2022-04-05 13:55:39.843000|1
2022-04-05 13:56:20.396000|1
2022-04-05 13:56:20.396000|1
2022-04-05 13:56:54.729000|1
2022-04-05 13:56:54.729000|1
2022-04-05 13:57:28.414000|1
2022-04-05 13:57:28.414000|1
2022-04-05 13:57:57.383000|1
2022-04-05 13:57:57.383000|1
2022-04-05 13:58:57.407000|1
2022-04-05 13:58:57.407000|1
2022-04-05 13:59:34.958000|1
2022-04-05 13:59:34.958000|1
2022-04-05 14:00:02.821000|1
2022-04-05 14:00:02.821000|1
2022-04-05 14:00:36.685000|1
2022-04-05 14:00:36.685000|1
2022-04-05 14:01:10.059000|1
2022-04-05 14:01:10.059000|1
2022-04-05 14:01:28.755000|0
2022-04-05 14:01:28.755000|0
2022-04-05 14:02:24.308000|1
2022-04-05 14:02:24.308000|1
2022-04-05 14:02:54.525000|1
2022-04-05 14:02:54.525000|1
2022-04-05 14:03:10.630000|1
2022-04-05 14:03:10.630000|1
2022-04-05 14:03:40.754000|1
2022-04-05 14:03:40.754000|1
2022-04-05 14:04:09.688000|1
2022-04-05 14:04:09.688000|1
2022-04-05 14:04:38.555000|1
2022-04-05 14:04:38.555000|1
2022-04-05 14:05:21.834000|1
2022-04-05 14:05:21.834000|1
2022-04-05 14:05:54.152000|1
2022-04-05 14:05:54.152000|1
2022-04-05 14:06:21.371000|0
2022-04-05 14:06:21.371000|0
2022-04-05 14:06:51.364000|1
2022-04-05 14:06:51.364000|1
2022-04-05 14:07:21.894000|1
2022-04-05 14:07:21.894000|1
2022-04-05 14:07:47.995000|1
2022-04-05 14:07:47.995000|1
2022-04-05 14:08:25.371000|1
2022-04-05 14:08:25.371000|1
2022-04-05 14:08:56.842000|1
2022-04-05 14:08:56.842000|1
2022-04-05 14:09:52.836000|1
2022-04-05 14:09:52.836000|1
2022-04-05 14:10:30.110000|1
2022-04-05 14:10:30.110000|1
2022-04-05 14:11:04.710000|1
2022-04-05 14:11:04.710000|1
2022-04-05 14:11:42.294000|1
2022-04-05 14:11:42.294000|1
2022-04-05 14:11:55.945000|0
2022-04-05 14:11:55.945000|0
2022-04-05 14:12:34.515000|1
2022-04-05 14:12:34.515000|1
2022-04-05 14:13:12.516000|1
2022-04-05 14:13:12.516000|1
2022-04-05 14:14:45.777000|1
2022-04-05 14:14:45.777000|1
2022-04-05 14:15:19.367000|1
2022-04-05 14:15:19.367000|1
2022-04-05 14:15:51.644000|0
2022-04-05 14:15:51.644000|0
2022-04-05 14:16:24.653000|1
2022-04-05 14:16:24.653000|1
2022-04-05 14:16:50.006000|0
2022-04-05 14:16:50.006000|0
2022-04-05 14:17:21.406000|1
2022-04-05 14:17:21.406000|1
2022-04-05 14:17:53.592000|1
2022-04-05 14:17:53.592000|1
2022-04-05 14:18:30.246000|1
2022-04-05 14:18:30.246000|1
2022-04-05 14:19:20.393000|1
2022-04-05 14:19:20.393000|1
2022-04-05 14:23:41.488000|0
2022-04-05 14:23:41.488000|0
2022-04-05 14:24:19.908000|0
2022-04-05 14:24:19.908000|0
2022-04-05 14:25:44.439000|0
2022-04-05 14:25:44.439000|0
2022-04-05 14:33:14.441000|0
2022-04-05 14:33:14.441000|0
2022-04-05 14:33:46.750000|0
2022-04-05 14:33:46.750000|0
2022-04-05 14:42:07.835000|0
2022-04-05 14:42:07.835000|0
2022-04-05 14:43:26.385000|1
2022-04-05 14:43:26.385000|0
2022-04-05 14:55:37.224000|1
2022-04-05 14:55:37.224000|0
2022-04-05 15:12:16.988000|2
2022-04-05 15:12:16.988000|2
2022-04-05 15:18:40.920000|0
2022-04-05 15:18:40.920000|0
2022-04-05 15:28:24.925000|0
2022-04-05 15:28:24.925000|0
2022-04-05 15:29:48.030000|0
2022-04-05 15:29:48.030000|0
2022-04-05 15:31:43.396000|0
2022-04-05 15:31:43.396000|0
2022-04-05 15:33:06.572000|0
2022-04-05 15:33:06.572000|0
2022-04-05 15:39:53.000000|0
2022-04-05 15:39:53.000000|0
2022-04-05 15:41:52.611000|0
2022-04-05 15:41:52.611000|0
2022-04-05 15:44:00.736000|0
2022-04-05 15:44:00.736000|0
2022-04-05 15:45:03.796000|0
2022-04-05 15:45:03.796000|0
2022-04-05 15:49:39.277000|0
2022-04-05 15:49:39.277000|0
2022-04-05 15:51:48.577000|0
2022-04-05 15:51:48.577000|0
2022-04-05 15:53:09.462000|0
2022-04-05 15:53:09.462000|0
2022-04-05 15:54:20.225000|0
2022-04-05 15:54:20.225000|0
2022-04-05 15:56:05.622000|0
2022-04-05 15:56:05.622000|0
2022-04-05 15:57:58.671000|0
2022-04-05 15:57:58.671000|0
2022-04-05 16:00:05.591000|0
2022-04-05 16:00:05.591000|0
2022-04-05 16:20:33.010000|0
2022-04-05 16:20:33.010000|0
2022-04-05 16:21:50.142000|0
2022-04-05 16:21:50.142000|0
2022-04-05 16:24:02.451000|0
2022-04-05 16:24:02.451000|0
2022-04-05 16:25:05.669000|0
2022-04-05 16:25:05.669000|0
2022-04-05 16:26:03.974000|0
2022-04-05 16:26:03.974000|0
2022-04-05 16:27:26.678000|0
2022-04-05 16:27:26.678000|0
2022-04-05 16:28:27.540000|0
2022-04-05 16:28:27.540000|0
2022-04-05 16:29:34.334000|0
2022-04-05 16:29:34.334000|0
2022-04-05 16:31:46.555000|0
2022-04-05 16:31:46.555000|0
2022-04-05 16:32:36.695000|0
2022-04-05 16:32:36.695000|0
2022-04-05 16:33:35.025000|0
2022-04-05 16:33:35.025000|0
2022-04-05 16:38:03.834000|0
2022-04-05 16:38:03.834000|0
2022-04-05 17:11:00.815000|0
2022-04-05 17:11:00.815000|0
2022-04-05 17:11:53.697000|0
2022-04-05 17:11:53.697000|0
2022-04-06 10:28:05.977000|0
2022-04-06 10:28:05.977000|0
2022-04-06 10:32:17.608000|0
2022-04-06 10:32:17.608000|0
2022-04-06 10:34:52.942000|0
2022-04-06 10:34:52.942000|0
2022-04-06 10:56:57.104000|2
2022-04-06 10:56:57.104000|2
2022-04-06 10:57:25.834000|1
2022-04-06 10:57:25.834000|1
2022-04-06 10:57:47.658000|2
2022-04-06 10:57:47.658000|2
2022-04-06 10:58:12.090000|1
2022-04-06 10:58:12.090000|1
2022-04-06 10:59:47.524000|1
2022-04-06 10:59:47.524000|1
2022-04-06 11:04:59.306000|2
2022-04-06 11:04:59.306000|2
2022-04-06 11:07:18.063000|3
2022-04-06 11:07:18.063000|4
2022-04-06 11:08:04.756000|2
2022-04-06 11:08:04.756000|2
2022-04-06 11:08:28.013000|2
2022-04-06 11:08:28.013000|2
2022-04-06 12:12:13.223000|1
2022-04-06 12:12:13.223000|0
2022-04-06 12:12:54.604000|1
2022-04-06 12:12:54.604000|1
2022-04-06 12:13:13.402000|1
2022-04-06 12:13:13.402000|1
2022-04-06 12:13:30.186000|1
2022-04-06 12:13:30.186000|1
2022-04-06 12:13:45.614000|1
2022-04-06 12:13:45.614000|1
2022-04-06 12:14:03.242000|1
2022-04-06 12:14:03.242000|1
2022-04-06 12:14:20.634000|1
2022-04-06 12:14:20.634000|1
2022-04-06 12:15:54.895000|1
2022-04-06 12:15:54.895000|1
2022-04-06 12:16:13.342000|2
2022-04-06 12:16:13.342000|1
2022-04-06 12:16:34.032000|1
2022-04-06 12:16:34.032000|1
2022-04-06 12:16:54.085000|1
2022-04-06 12:16:54.085000|1
2022-04-06 12:17:12.134000|0
2022-04-06 12:17:12.134000|0
2022-04-06 12:17:44.088000|0
2022-04-06 12:17:44.088000|1
2022-04-06 12:18:01.681000|0
2022-04-06 12:18:01.681000|0
2022-04-06 12:18:16.997000|1
2022-04-06 12:18:16.997000|1
2022-04-06 12:18:34.938000|1
2022-04-06 12:18:34.938000|1
2022-04-06 12:19:22.184000|0
2022-04-06 12:19:22.184000|0
2022-04-06 12:19:52.180000|0
2022-04-06 12:19:52.180000|0
2022-04-06 12:20:08.961000|0
2022-04-06 12:20:08.961000|0
2022-04-06 12:20:26.759000|1
2022-04-06 12:20:26.759000|1
2022-04-06 12:21:02.544000|0
2022-04-06 12:21:02.544000|1
2022-04-06 12:21:18.928000|0
2022-04-06 12:21:18.928000|1
2022-04-06 12:21:34.334000|1
2022-04-06 12:21:34.334000|0
2022-04-06 12:21:51.582000|2
2022-04-06 12:21:51.582000|2
2022-04-06 12:22:09.928000|0
2022-04-06 12:22:09.928000|0
2022-04-06 12:23:01.203000|1
2022-04-06 12:23:01.203000|0
2022-04-06 12:23:18.509000|1
2022-04-06 12:23:18.509000|1
2022-04-06 12:23:36.067000|1
2022-04-06 12:23:36.067000|1
2022-04-06 12:23:53.866000|2
2022-04-06 12:23:53.866000|1
2022-04-06 12:24:30.622000|1
2022-04-06 12:24:30.622000|0
2022-04-06 12:25:06.317000|1
2022-04-06 12:25:06.317000|1
2022-04-06 12:25:39.273000|1
2022-04-06 12:25:39.273000|1
2022-04-06 12:25:56.025000|1
2022-04-06 12:25:56.025000|2
2022-04-06 12:26:13.008000|0
2022-04-06 12:26:13.008000|1
2022-04-06 12:26:45.103000|1
2022-04-06 12:26:45.103000|0
2022-04-06 12:27:03.797000|0
2022-04-06 12:27:03.797000|1
2022-04-06 12:27:19.685000|1
2022-04-06 12:27:19.685000|0
2022-04-06 12:27:53.704000|0
2022-04-06 12:27:53.704000|1
2022-04-06 12:28:11.183000|1
2022-04-06 12:28:11.183000|0
2022-04-06 12:28:27.031000|0
2022-04-06 12:28:27.031000|1
2022-04-06 12:28:43.235000|0
2022-04-06 12:28:43.235000|1
2022-04-06 12:28:59.427000|0
2022-04-06 12:28:59.427000|0
2022-04-06 12:32:32.184000|0
2022-04-06 12:32:32.184000|1
2022-04-06 15:43:41.363000|2
2022-04-06 15:43:41.363000|2
2022-04-06 15:48:15.017000|2
2022-04-06 15:48:15.017000|2
2022-04-07 12:39:07.651000|3
2022-04-07 12:39:07.651000|5
2022-04-07 12:40:28.187000|1
2022-04-07 12:40:28.187000|2
2022-04-07 13:43:34.610000|0
2022-04-07 13:43:34.610000|2
2022-04-07 13:45:31.593000|2
2022-04-07 13:45:31.593000|2
2022-04-07 13:45:49.217000|2
2022-04-07 13:45:49.217000|1
2022-04-07 13:46:04.833000|1
2022-04-07 13:46:04.833000|2
2022-04-07 13:46:21.878000|2
2022-04-07 13:46:21.878000|1
2022-04-07 13:46:37.461000|2
2022-04-07 13:46:37.461000|1
2022-04-07 13:47:36.468000|1
2022-04-07 13:47:36.468000|1
2022-04-07 13:47:56.610000|1
2022-04-07 13:47:56.610000|1
2022-04-07 13:48:16.671000|1
2022-04-07 13:48:16.671000|1
2022-04-07 13:48:34.486000|1
2022-04-07 13:48:34.486000|2
2022-04-07 13:48:57.541000|1
2022-04-07 13:48:57.541000|1
2022-04-07 13:49:28.667000|2
2022-04-07 13:49:28.667000|1
2022-04-07 13:49:45.371000|1
2022-04-07 13:49:45.371000|1
2022-04-07 13:50:06.867000|1
2022-04-07 13:50:06.867000|1
2022-04-07 13:50:26.854000|1
2022-04-07 13:50:26.854000|2
2022-04-07 13:50:56.012000|1
2022-04-07 13:50:56.012000|2
2022-04-07 13:51:33.694000|2
2022-04-07 13:51:33.694000|0
2022-04-07 13:52:04.458000|1
2022-04-07 13:52:04.458000|1
2022-04-07 13:52:48.806000|2
2022-04-07 13:52:48.806000|1
2022-04-07 13:53:07.953000|2
2022-04-07 13:53:07.953000|1
2022-04-07 13:53:41.432000|1
2022-04-07 13:53:41.432000|1
2022-04-07 13:54:06.640000|0
2022-04-07 13:54:06.640000|0
2022-04-07 13:54:29.495000|1
2022-04-07 13:54:29.495000|1
2022-04-07 13:54:53.450000|1
2022-04-07 13:54:53.450000|1
2022-04-07 13:56:31.243000|0
2022-04-07 13:56:31.243000|0
2022-04-07 13:57:35.410000|1
2022-04-07 13:57:35.410000|1
2022-04-07 13:57:52.147000|1
2022-04-07 13:57:52.147000|1
2022-04-07 13:58:23.226000|2
2022-04-07 13:58:23.226000|1
2022-04-07 13:58:46.637000|1
2022-04-07 13:58:46.637000|2
2022-04-07 13:59:07.461000|1
2022-04-07 13:59:07.461000|1
2022-04-07 13:59:26.092000|1
2022-04-07 13:59:26.092000|1
2022-04-07 13:59:57.311000|2
2022-04-07 13:59:57.311000|1
2022-04-07 14:00:29.126000|1
2022-04-07 14:00:29.126000|1
2022-04-07 14:01:02.188000|1
2022-04-07 14:01:02.188000|2
2022-04-07 14:01:23.241000|1
2022-04-07 14:01:23.241000|1
2022-04-07 14:01:41.207000|1
2022-04-07 14:01:41.207000|2
2022-04-07 14:02:43.041000|1
2022-04-07 14:02:43.041000|1
2022-04-07 14:03:06.389000|1
2022-04-07 14:03:06.389000|1
2022-04-07 14:03:24.261000|2
2022-04-07 14:03:24.261000|1
2022-04-07 14:04:20.519000|1
2022-04-07 14:04:20.519000|1
2022-04-07 14:04:37.359000|1
2022-04-07 14:04:37.359000|1
2022-04-07 14:04:55.164000|1
2022-04-07 14:04:55.164000|1
2022-04-07 14:05:10.981000|1
2022-04-07 14:05:10.981000|1
2022-04-07 14:05:28.796000|1
2022-04-07 14:05:28.796000|1
2022-04-07 14:05:56.160000|1
2022-04-07 14:05:56.160000|1
2022-04-07 14:35:31.322000|2
2022-04-07 14:35:31.322000|2
2022-04-07 14:36:56.707000|2
2022-04-07 14:36:56.707000|3
2022-04-07 14:37:32.490000|2
2022-04-07 14:37:32.490000|2
2022-04-07 14:38:25.618000|2
2022-04-07 14:38:25.618000|2
2022-04-07 14:39:07.293000|2
2022-04-07 14:39:07.293000|2
2022-04-07 14:52:36.214000|2
2022-04-07 14:52:36.214000|2
2022-04-07 14:54:41.327000|2
2022-04-07 14:54:41.327000|2
2022-04-07 14:55:26.547000|2
2022-04-07 14:55:26.547000|2
2022-04-07 14:55:57.975000|2
2022-04-07 14:55:57.975000|2
2022-04-07 14:56:29.301000|2
2022-04-07 14:56:29.301000|3
2022-04-07 14:57:06.693000|2
2022-04-07 14:57:06.693000|2
2022-04-07 14:57:38.548000|2
2022-04-07 14:57:38.548000|2
2022-04-07 14:58:09.565000|2
2022-04-07 14:58:09.565000|2
2022-04-07 14:58:45.122000|2
2022-04-07 14:58:45.122000|2
2022-04-07 14:59:17.577000|2
2022-04-07 14:59:17.577000|2
2022-04-07 15:00:00.530000|2
2022-04-07 15:00:00.530000|2
2022-04-07 15:00:45.419000|5
2022-04-07 15:00:45.419000|2
2022-04-07 15:01:30.433000|2
2022-04-07 15:01:30.433000|2
2022-04-07 15:02:23.867000|3
2022-04-07 15:02:23.867000|4
2022-04-07 15:03:06.624000|2
2022-04-07 15:03:06.624000|2
2022-04-07 15:03:51.479000|3
2022-04-07 15:03:51.479000|2
2022-04-07 15:07:39.204000|2
2022-04-07 15:07:39.204000|3
2022-04-07 15:09:17.962000|2
2022-04-07 15:09:17.962000|2
2022-04-08 12:49:31.451000|3
2022-04-08 12:49:31.451000|3
2022-04-08 12:50:20.382000|1
2022-04-08 12:50:20.382000|1
2022-04-08 12:50:37.375000|2
2022-04-08 12:50:37.375000|2
2022-04-08 12:51:21.362000|2
2022-04-08 12:51:21.362000|2
2022-04-08 12:53:42.590000|0
2022-04-08 12:53:42.590000|0
2022-04-08 12:54:12.625000|2
2022-04-08 12:54:12.625000|2
2022-04-08 12:54:51.948000|3
2022-04-08 12:54:51.948000|3
2022-04-08 12:55:34.208000|2
2022-04-08 12:55:34.208000|2
2022-04-08 12:56:42.611000|1
2022-04-08 12:56:42.611000|1
2022-04-08 12:57:28.270000|2
2022-04-08 12:57:28.270000|2
2022-04-08 12:58:14.220000|2
2022-04-08 12:58:14.220000|2
2022-04-08 12:59:03.529000|2
2022-04-08 12:59:03.529000|2
2022-04-08 14:18:51.325000|2
2022-04-08 14:18:51.325000|1
2022-04-08 14:20:24.901000|2
2022-04-08 14:20:24.901000|2
2022-04-08 14:20:55.024000|2
2022-04-08 14:20:55.024000|2
2022-04-08 14:21:15.638000|1
2022-04-08 14:21:15.638000|1
2022-04-08 14:21:37.215000|1
2022-04-08 14:21:37.215000|1
2022-04-08 14:21:59.163000|1
2022-04-08 14:21:59.163000|2
2022-04-08 15:52:20.879000|1
2022-04-08 15:52:20.879000|0
2022-04-08 15:57:25.646000|1
2022-04-08 15:57:25.646000|1
2022-04-08 15:57:49.582000|1
2022-04-08 15:57:49.582000|1
2022-04-08 15:58:12.793000|1
2022-04-08 15:58:12.793000|1
2022-04-08 15:58:41.584000|1
2022-04-08 15:58:41.584000|1
2022-04-08 15:59:11.931000|1
2022-04-08 15:59:11.931000|1
2022-04-08 16:00:53.667000|1
2022-04-08 16:00:53.667000|1
2022-04-08 16:03:29.200000|1
2022-04-08 16:03:29.200000|1
2022-04-08 16:03:51.341000|1
2022-04-08 16:03:51.341000|1
2022-04-08 16:04:12.487000|1
2022-04-08 16:04:12.487000|1
2022-04-08 16:04:44.146000|1
2022-04-08 16:04:44.146000|1
2022-04-08 16:11:39.491000|1
2022-04-08 16:11:39.491000|1
2022-04-08 16:12:04.470000|1
2022-04-08 16:12:04.470000|1
2022-04-08 16:12:25.028000|1
2022-04-08 16:12:25.028000|1
2022-04-08 16:12:44.396000|1
2022-04-08 16:12:44.396000|0
2022-04-08 16:13:25.130000|1
2022-04-08 16:13:25.130000|1
2022-04-08 16:14:09.300000|1
2022-04-08 16:14:09.300000|1
2022-04-08 16:14:29.287000|1
2022-04-08 16:14:29.287000|1
2022-04-08 16:14:49.859000|1
2022-04-08 16:14:49.859000|1
2022-04-08 16:15:23.060000|0
2022-04-08 16:15:23.060000|0
2022-04-08 16:15:47.475000|1
2022-04-08 16:15:47.475000|1
2022-04-08 16:16:09.843000|0
2022-04-08 16:16:09.843000|0
2022-04-08 16:16:29.543000|1
2022-04-08 16:16:29.543000|1
2022-04-08 16:16:48.984000|1
2022-04-08 16:16:48.984000|1
2022-04-08 16:17:38.326000|1
2022-04-08 16:17:38.326000|1
2022-04-08 16:18:20.533000|1
2022-04-08 16:18:20.533000|1
2022-04-08 16:18:39.715000|1
2022-04-08 16:18:39.715000|1
2022-04-08 16:19:02.101000|1
2022-04-08 16:19:02.101000|1
2022-04-08 16:19:41.883000|1
2022-04-08 16:19:41.883000|1
2022-04-08 16:20:12.705000|1
2022-04-08 16:20:12.705000|1
2022-04-08 16:20:49.578000|1
2022-04-08 16:20:49.578000|1
2022-04-08 16:21:09.037000|1
2022-04-08 16:21:09.037000|1
2022-04-08 16:21:32.651000|1
2022-04-08 16:21:32.651000|1
2022-04-08 16:22:04.517000|1
2022-04-08 16:22:04.517000|1
2022-04-08 16:22:27.583000|1
2022-04-08 16:22:27.583000|1
2022-04-08 16:22:48.092000|1
2022-04-08 16:22:48.092000|1
2022-04-08 16:23:22.622000|1
2022-04-08 16:23:22.622000|1
2022-04-08 16:23:44.553000|1
2022-04-08 16:23:44.553000|1
2022-04-08 16:24:02.745000|1
2022-04-08 16:24:02.745000|1
2022-04-08 16:24:26.442000|1
2022-04-08 16:24:26.442000|1
2022-04-08 16:24:45.004000|1
2022-04-08 16:24:45.004000|1
2022-04-08 16:25:17.491000|1
2022-04-08 16:25:17.491000|1
2022-04-11 11:00:06.791000|1
2022-04-11 11:00:06.791000|1
2022-04-11 11:00:55.502000|1
2022-04-11 11:00:55.502000|1
2022-04-11 11:01:25.601000|1
2022-04-11 11:01:25.601000|1
2022-04-11 11:01:55.168000|1
2022-04-11 11:01:55.168000|1
2022-04-11 11:02:37.021000|1
2022-04-11 11:02:37.021000|2
2022-04-11 11:03:17.276000|1
2022-04-11 11:03:17.276000|1
2022-04-11 11:04:46.186000|1
2022-04-11 11:04:46.186000|1
2022-04-11 11:05:12.522000|1
2022-04-11 11:05:12.522000|1
2022-04-11 11:05:42.433000|1
2022-04-11 11:05:42.433000|1
2022-04-11 11:06:16.295000|1
2022-04-11 11:06:16.295000|1
2022-04-11 11:08:05.887000|1
2022-04-11 11:08:05.887000|1
2022-04-11 11:09:25.714000|1
2022-04-11 11:09:25.714000|1
2022-04-11 11:09:53.218000|1
2022-04-11 11:09:53.218000|1
2022-04-11 11:10:21.787000|1
2022-04-11 11:10:21.787000|1
2022-04-11 11:10:45.780000|0
2022-04-11 11:10:45.780000|1
2022-04-11 11:11:25.815000|1
2022-04-11 11:11:25.815000|1
2022-04-11 11:12:07.910000|1
2022-04-11 11:12:07.910000|1
2022-04-11 11:12:36.766000|1
2022-04-11 11:12:36.766000|1
2022-04-11 11:13:04.430000|1
2022-04-11 11:13:04.430000|1
2022-04-11 11:14:11.216000|0
2022-04-11 11:14:11.216000|0
2022-04-11 11:14:32.859000|1
2022-04-11 11:14:32.859000|1
2022-04-11 11:15:03.125000|0
2022-04-11 11:15:03.125000|0
2022-04-11 11:15:23.755000|1
2022-04-11 11:15:23.755000|1
2022-04-11 11:15:46.031000|1
2022-04-11 11:15:46.031000|1
2022-04-11 11:16:21.531000|1
2022-04-11 11:16:21.531000|1
2022-04-11 11:16:49.859000|1
2022-04-11 11:16:49.859000|1
2022-04-11 11:17:11.029000|1
2022-04-11 11:17:11.029000|1
2022-04-11 11:17:38.666000|1
2022-04-11 11:17:38.666000|1
2022-04-11 11:18:12.360000|1
2022-04-11 11:18:12.360000|1
2022-04-11 11:18:47.234000|1
2022-04-11 11:18:47.234000|1
2022-04-11 11:19:32.284000|1
2022-04-11 11:19:32.284000|1
2022-04-11 11:19:51.430000|1
2022-04-11 11:19:51.430000|1
2022-04-11 11:20:22.171000|1
2022-04-11 11:20:22.171000|1
2022-04-11 11:20:58.376000|1
2022-04-11 11:20:58.376000|1
2022-04-11 11:21:21.639000|1
2022-04-11 11:21:21.639000|1
2022-04-11 11:22:15.874000|1
2022-04-11 11:22:15.874000|1
2022-04-11 11:22:43.444000|1
2022-04-11 11:22:43.444000|1
2022-04-11 11:23:07.000000|1
2022-04-11 11:23:07.000000|1
2022-04-11 11:23:25.841000|1
2022-04-11 11:23:25.841000|1
2022-04-11 11:23:42.233000|1
2022-04-11 11:23:42.233000|1
2022-04-11 11:24:02.132000|1
2022-04-11 11:24:02.132000|1
2022-04-11 11:24:38.795000|1
2022-04-11 11:24:38.795000|1
2022-04-11 13:23:22.396000|0
2022-04-11 13:23:22.396000|0
2022-04-11 13:23:56.380000|0
2022-04-11 13:23:56.380000|0
2022-04-11 13:24:15.566000|0
2022-04-11 13:24:15.566000|0
2022-04-11 13:24:32.297000|0
2022-04-11 13:24:32.297000|0
2022-04-11 13:24:52.186000|0
2022-04-11 13:24:52.186000|0
2022-04-11 13:25:12.854000|0
2022-04-11 13:25:12.854000|0
2022-04-11 13:25:29.452000|0
2022-04-11 13:25:29.452000|0
2022-04-11 13:26:17.903000|0
2022-04-11 13:26:17.903000|0
2022-04-11 13:26:39.678000|0
2022-04-11 13:26:39.678000|0
2022-04-11 13:26:57.344000|0
2022-04-11 13:26:57.344000|0
2022-04-11 13:27:32.357000|0
2022-04-11 13:27:32.357000|0
2022-04-11 13:28:14.954000|0
2022-04-11 13:28:14.954000|0
2022-04-11 13:30:15.535000|0
2022-04-11 13:30:15.535000|0
2022-04-11 13:30:43.129000|0
2022-04-11 13:30:43.129000|0
2022-04-11 14:22:53.127000|0
2022-04-11 14:22:53.127000|0
2022-04-11 14:23:31.578000|0
2022-04-11 14:23:31.578000|0
2022-04-11 14:23:48.770000|0
2022-04-11 14:23:48.770000|0
2022-04-11 14:24:05.636000|0
2022-04-11 14:24:05.636000|0
2022-04-11 14:24:24.184000|0
2022-04-11 14:24:24.184000|0
2022-04-11 14:24:44.342000|0
2022-04-11 14:24:44.342000|0
2022-04-11 14:25:03.366000|0
2022-04-11 14:25:03.366000|0
2022-04-11 14:25:23.949000|0
2022-04-11 14:25:23.949000|0
2022-04-11 14:25:42.045000|0
2022-04-11 14:25:42.045000|0
2022-04-11 14:25:59.753000|0
2022-04-11 14:25:59.753000|0
2022-04-11 14:26:17.548000|0
2022-04-11 14:26:17.548000|0
2022-04-11 14:26:35.341000|0
2022-04-11 14:26:35.341000|0
2022-04-11 14:26:51.312000|0
2022-04-11 14:26:51.312000|0
2022-04-11 14:27:10.614000|0
2022-04-11 14:27:10.614000|0
2022-04-11 15:41:30.255000|2
2022-04-11 15:41:30.255000|2
2022-04-11 18:47:57.342000|2
2022-04-11 18:47:57.342000|2
2022-04-12 12:27:14.067000|2
2022-04-12 12:27:14.067000|2
2022-04-12 13:36:37.333000|1
2022-04-12 13:36:37.333000|0
2022-04-12 14:11:32.562000|1
2022-04-12 14:11:32.562000|0
2022-04-12 14:17:19.170000|0
2022-04-12 14:17:19.170000|1
2022-04-12 14:32:24.203000|0
2022-04-12 14:32:24.203000|0
2022-04-12 14:41:05.926000|1
2022-04-12 14:41:05.926000|0
2022-04-12 14:45:25.217000|0
2022-04-12 14:45:25.217000|0
2022-04-12 14:50:09.420000|0
2022-04-12 14:50:09.420000|0
2022-04-12 14:56:44.955000|0
2022-04-12 14:56:44.955000|0
2022-04-12 15:03:35.520000|1
2022-04-12 15:03:35.520000|1
2022-04-12 15:13:54.850000|0
2022-04-12 15:13:54.850000|0
2022-04-12 15:32:40.177000|0
2022-04-12 15:32:40.177000|0
2022-04-12 16:08:37.763000|1
2022-04-12 16:08:37.763000|1
2022-04-12 16:15:40.036000|0
2022-04-12 16:15:40.036000|0
2022-04-12 16:45:17.389000|0
2022-04-12 16:45:17.389000|0
2022-04-12 17:00:00.347000|0
2022-04-12 17:00:00.347000|0
2022-04-12 17:00:43.923000|1
2022-04-12 17:00:43.923000|1
2022-04-12 17:01:19.760000|1
2022-04-12 17:01:19.760000|2
2022-04-12 17:02:03.552000|2
2022-04-12 17:02:03.552000|2
2022-04-12 17:02:43.962000|1
2022-04-12 17:02:43.962000|1
2022-04-12 17:03:16.699000|1
2022-04-12 17:03:16.699000|1
2022-04-12 17:03:55.091000|1
2022-04-12 17:03:55.091000|1
2022-04-12 17:04:28.735000|1
2022-04-12 17:04:28.735000|1
2022-04-12 17:05:02.413000|1
2022-04-12 17:05:02.413000|1
2022-04-12 17:05:36.350000|1
2022-04-12 17:05:36.350000|1
2022-04-12 17:06:16.031000|1
2022-04-12 17:06:16.031000|1
2022-04-12 17:07:04.795000|1
2022-04-12 17:07:04.795000|1
2022-04-18 12:12:58.267000|3
2022-04-18 12:12:58.267000|3
2022-04-18 12:13:56.509000|1
2022-04-18 12:13:56.509000|1
2022-04-18 12:14:40.163000|1
2022-04-18 12:14:40.163000|1
2022-04-18 12:15:26.299000|1
2022-04-18 12:15:26.299000|1
2022-04-18 12:16:11.420000|1
2022-04-18 12:16:11.420000|1
2022-04-18 12:16:59.045000|1
2022-04-18 12:16:59.045000|1
2022-04-18 12:17:43.505000|1
2022-04-18 12:17:43.505000|1
2022-04-18 12:18:36.538000|1
2022-04-18 12:18:36.538000|1
2022-04-18 12:19:21.299000|1
2022-04-18 12:19:21.299000|2
2022-04-18 12:20:03.261000|1
2022-04-18 12:20:03.261000|1
2022-04-18 12:20:59.767000|1
2022-04-18 12:20:59.767000|1
2022-04-18 12:21:51.834000|1
2022-04-18 12:21:51.834000|1
2022-04-18 15:27:14.922000|2
2022-04-18 15:27:14.922000|2
2022-04-18 15:29:47.729000|0
2022-04-18 15:29:47.729000|0
2022-04-18 15:32:03.239000|0
2022-04-18 15:32:03.239000|0
2022-04-18 17:11:21.833000|3
2022-04-18 17:11:21.833000|3
2022-04-19 12:05:39.307000|3
2022-04-19 12:05:39.307000|2
2022-04-19 12:14:50.330000|2
2022-04-19 12:14:50.330000|2
2022-04-20 13:06:09.772000|3
2022-04-20 13:06:09.772000|3
2022-04-25 13:17:37.090000|2
2022-04-25 13:17:37.090000|1
2022-04-25 13:20:43.943000|0
2022-04-25 13:20:43.943000|0
2022-04-25 13:21:04.996000|2
2022-04-25 13:21:04.996000|1
2022-04-25 13:21:25.290000|1
2022-04-25 13:21:25.290000|1
2022-04-25 13:21:42.653000|1
2022-04-25 13:21:42.653000|1
2022-04-25 13:22:03.026000|2
2022-04-25 13:22:03.026000|1
2022-04-25 13:22:32.563000|1
2022-04-25 13:22:32.563000|1
2022-04-25 13:23:04.273000|1
2022-04-25 13:23:04.273000|1
2022-04-25 13:23:24.000000|1
2022-04-25 13:23:24.000000|1
2022-04-25 13:24:20.167000|1
2022-04-25 13:24:20.167000|1
2022-04-25 13:24:44.790000|1
2022-04-25 13:24:44.790000|1
2022-04-25 13:25:59.170000|1
2022-04-25 13:25:59.170000|1
2022-04-25 13:59:08.984000|1
2022-04-25 13:59:08.984000|1
2022-04-25 15:40:21.881000|2
2022-04-25 15:40:21.881000|2
2022-04-25 15:43:26.996000|2
2022-04-25 15:43:26.996000|2
2022-04-25 16:15:37.691000|5
2022-04-25 16:15:37.691000|3
2022-04-25 16:16:13.591000|3
2022-04-25 16:16:13.591000|2
2022-04-25 16:16:47.742000|2
2022-04-25 16:16:47.742000|2
2022-04-25 16:17:15.723000|2
2022-04-25 16:17:15.723000|2
2022-04-25 16:18:36.669000|2
2022-04-25 16:18:36.669000|3
2022-04-25 16:56:35.622000|2
2022-04-25 16:56:35.622000|2
2022-04-25 16:59:33.846000|2
2022-04-25 16:59:33.846000|2
2022-04-25 17:14:15.101000|4
2022-04-25 17:14:15.101000|3
2022-04-25 17:16:57.669000|0
2022-04-25 17:16:57.669000|2
2022-04-25 17:24:17.610000|2
2022-04-25 17:24:17.610000|2
2022-04-25 17:24:31.641000|2
2022-04-25 17:24:31.641000|3
2022-04-26 14:23:27.726000|4
2022-04-26 14:23:27.726000|4
2022-04-26 14:24:30.640000|2
2022-04-26 14:24:30.640000|2
2022-04-26 14:24:59.861000|2
2022-04-26 14:24:59.861000|2
2022-04-26 14:25:37.493000|2
2022-04-26 14:25:37.493000|2
2022-04-26 14:26:08.660000|2
2022-04-26 14:26:08.660000|2
2022-04-26 14:26:45.981000|2
2022-04-26 14:26:45.981000|2
2022-04-26 14:27:07.298000|0
2022-04-26 14:27:07.298000|0
2022-04-26 14:27:47.493000|2
2022-04-26 14:27:47.493000|2
2022-04-26 14:28:19.379000|2
2022-04-26 14:28:19.379000|2
2022-04-26 14:28:46.953000|2
2022-04-26 14:28:46.953000|2
2022-04-26 14:29:19.122000|2
2022-04-26 14:29:19.122000|2
2022-04-26 14:30:43.356000|3
2022-04-26 14:30:43.356000|3
2022-04-26 14:31:18.472000|3
2022-04-26 14:31:18.472000|3
2022-04-26 14:31:58.328000|3
2022-04-26 14:31:58.328000|2
2022-04-26 14:33:17.332000|2
2022-04-26 14:33:17.332000|2
2022-04-26 14:34:29.312000|3
2022-04-26 14:34:29.312000|2
2022-04-26 16:21:14.234000|0
2022-04-26 16:21:14.234000|0
2022-04-26 16:21:41.686000|0
2022-04-26 16:21:41.686000|0
2022-04-26 16:22:09.994000|1
2022-04-26 16:22:09.994000|0
2022-04-26 16:22:33.139000|0
2022-04-26 16:22:33.139000|0
2022-04-26 16:22:59.629000|3
2022-04-26 16:22:59.629000|2
2022-04-26 16:23:22.023000|2
2022-04-26 16:23:22.023000|2
2022-04-26 16:23:41.544000|2
2022-04-26 16:23:41.544000|2
2022-04-26 16:24:03.125000|2
2022-04-26 16:24:03.125000|2
2022-04-26 16:24:24.885000|2
2022-04-26 16:24:24.885000|2
2022-04-26 16:24:47.142000|2
2022-04-26 16:24:47.142000|2
2022-04-26 16:25:07.341000|2
2022-04-26 16:25:07.341000|2
2022-04-26 16:25:31.401000|2
2022-04-26 16:25:31.401000|2
2022-04-26 16:26:06.546000|2
2022-04-26 16:26:06.546000|2
2022-04-26 16:27:03.787000|2
2022-04-26 16:27:03.787000|2
2022-04-26 16:27:43.181000|2
2022-04-26 16:27:43.181000|2
2022-04-26 16:49:50.675000|2
2022-04-26 16:49:50.675000|2
2022-04-26 16:50:48.585000|2
2022-04-26 16:50:48.585000|3
2022-04-26 16:57:50.026000|2
2022-04-26 16:57:50.026000|2
2022-04-26 16:58:14.877000|2
2022-04-26 16:58:14.877000|2
2022-04-26 16:59:07.593000|2
2022-04-26 16:59:07.593000|2
2022-04-26 16:59:28.361000|2
2022-04-26 16:59:28.361000|2
2022-04-26 16:59:49.177000|0
2022-04-26 16:59:49.177000|0
2022-04-26 17:00:09.556000|0
2022-04-26 17:00:09.556000|0
2022-04-26 17:00:29.682000|0
2022-04-26 17:00:29.682000|0
2022-04-26 17:01:53.543000|1
2022-04-26 17:01:53.543000|1
2022-04-26 17:02:18.642000|0
2022-04-26 17:02:18.642000|0
2022-04-26 17:02:36.109000|0
2022-04-26 17:02:36.109000|2
2022-04-26 17:03:02.196000|0
2022-04-26 17:03:02.196000|0
2022-04-26 17:03:20.753000|0
2022-04-26 17:03:20.753000|0
2022-04-26 17:07:01.604000|0
2022-04-26 17:07:01.604000|0
2022-04-26 17:07:50.089000|0
2022-04-26 17:07:50.089000|0
2022-04-26 17:08:33.341000|0
2022-04-26 17:08:33.341000|0
2022-04-26 17:09:09.279000|0
2022-04-26 17:09:09.279000|0
2022-04-26 17:09:51.698000|0
2022-04-26 17:09:51.698000|0
2022-04-27 13:07:32.389000|1
2022-04-27 13:07:32.389000|2
2022-04-27 13:08:09.480000|1
2022-04-27 13:08:09.480000|0
2022-04-27 13:08:31.500000|0
2022-04-27 13:08:31.500000|1
2022-04-27 13:08:53.905000|0
2022-04-27 13:08:53.905000|1
2022-04-27 13:09:18.052000|7
2022-04-27 13:09:18.052000|8
2022-04-27 13:09:52.259000|1
2022-04-27 13:09:52.259000|1
2022-04-27 13:10:17.030000|5
2022-04-27 13:10:17.030000|3
2022-04-27 13:10:47.645000|4
2022-04-27 13:10:47.645000|4
2022-04-27 13:11:20.866000|4
2022-04-27 13:11:20.866000|4
2022-04-27 13:11:46.213000|5
2022-04-27 13:11:46.213000|5
2022-04-27 13:12:18.838000|6
2022-04-27 13:12:18.838000|5
2022-04-27 13:12:45.141000|4
2022-04-27 13:12:45.141000|4
2022-04-27 13:13:17.584000|4
2022-04-27 13:13:17.584000|4
2022-04-27 13:14:19.785000|6
2022-04-27 13:14:19.785000|5
2022-04-27 13:15:10.107000|4
2022-04-27 13:15:10.107000|5
2022-04-27 13:16:04.685000|6
2022-04-27 13:16:04.685000|6
2022-04-27 13:17:09.988000|5
2022-04-27 13:17:09.988000|5
2022-04-27 13:57:17.791000|2
2022-04-27 13:57:17.791000|3
2022-04-27 13:57:53.455000|3
2022-04-27 13:57:53.455000|2
2022-04-27 13:58:16.586000|3
2022-04-27 13:58:16.586000|3
2022-04-27 13:58:48.270000|4
2022-04-27 13:58:48.270000|3
2022-04-27 13:59:18.676000|3
2022-04-27 13:59:18.676000|3
2022-04-27 13:59:39.992000|2
2022-04-27 13:59:39.992000|3
2022-04-27 14:00:05.464000|2
2022-04-27 14:00:05.464000|3
2022-04-27 14:00:27.694000|4
2022-04-27 14:00:27.694000|3
2022-04-27 14:01:18.207000|5
2022-04-27 14:01:18.207000|3
2022-04-27 14:01:39.217000|3
2022-04-27 14:01:39.217000|3
2022-04-27 14:02:01.682000|3
2022-04-27 14:02:01.682000|4
2022-04-27 14:03:02.758000|4
2022-04-27 14:03:02.758000|5
2022-04-27 16:36:43.112000|4
2022-04-27 16:36:43.112000|4
2022-04-27 16:37:19.855000|2
2022-04-27 16:37:19.855000|3
2022-04-27 16:38:45.741000|3
2022-04-27 16:38:45.741000|2
2022-04-27 16:39:36.467000|2
2022-04-27 16:39:36.467000|3
2022-04-27 16:40:32.210000|3
2022-04-27 16:40:32.210000|6
2022-04-28 18:20:10.177000|5
2022-04-28 18:20:10.177000|2
2022-04-29 16:09:10.569000|2
2022-04-29 16:09:10.569000|2
2022-04-29 16:10:14.377000|1
2022-04-29 16:10:14.377000|2
2022-04-29 16:11:30.645000|2
2022-04-29 16:11:30.645000|1
2022-04-29 16:12:43.707000|1
2022-04-29 16:12:43.707000|1
2022-04-29 16:13:42.409000|1
2022-04-29 16:13:42.409000|1
2022-04-29 16:14:46.824000|1
2022-04-29 16:14:46.824000|1
2022-04-29 16:15:41.132000|1
2022-04-29 16:15:41.132000|1
2022-04-29 16:17:02.130000|1
2022-04-29 16:17:02.130000|1
2022-04-29 16:17:50.382000|1
2022-04-29 16:17:50.382000|1
2022-04-29 16:18:41.259000|1
2022-04-29 16:18:41.259000|1
2022-04-29 16:19:33.082000|1
2022-04-29 16:19:33.082000|1
2022-04-29 16:20:25.363000|1
2022-04-29 16:20:25.363000|1
2022-04-29 16:22:21.265000|1
2022-04-29 16:22:21.265000|1
2022-04-29 16:22:58.187000|1
2022-04-29 16:22:58.187000|1
2022-04-29 16:23:49.294000|1
2022-04-29 16:23:49.294000|1
2022-04-29 16:24:42.804000|1
2022-04-29 16:24:42.804000|1
2022-04-29 16:25:31.754000|1
2022-04-29 16:25:31.754000|1
2022-04-29 16:26:19.356000|1
2022-04-29 16:26:19.356000|1
2022-04-29 16:27:17.878000|1
2022-04-29 16:27:17.878000|1
2022-04-29 17:41:58.358000|1
2022-04-29 17:41:58.358000|0
2022-04-29 17:42:40.643000|1
2022-04-29 17:42:40.643000|1
2022-04-29 17:43:11.587000|0
2022-04-29 17:43:11.587000|0
2022-04-29 17:43:46.535000|0
2022-04-29 17:43:46.535000|0
2022-04-29 17:44:18.415000|0
2022-04-29 17:44:18.415000|0
2022-04-29 17:44:47.920000|1
2022-04-29 17:44:47.920000|1
2022-04-29 17:45:24.283000|0
2022-04-29 17:45:24.283000|0
2022-04-29 17:45:53.855000|1
2022-04-29 17:45:53.855000|1
2022-04-29 17:46:21.832000|0
2022-04-29 17:46:21.832000|0
2022-04-29 17:46:55.500000|1
2022-04-29 17:46:55.500000|1
2022-04-29 17:47:42.113000|1
2022-04-29 17:47:42.113000|1
2022-04-30 16:36:33.480000|1
2022-04-30 16:36:33.480000|1
2022-05-06 16:34:07.916000|4
2022-05-06 16:34:07.916000|3
2022-05-06 16:34:41.084000|1
2022-05-06 16:34:41.084000|0
2022-05-06 16:37:42.144000|0
2022-05-06 16:37:42.144000|0
2022-05-06 16:39:42.968000|1
2022-05-06 16:39:42.968000|2
2022-05-06 16:41:07.106000|2
2022-05-06 16:41:07.106000|1
2022-05-06 17:03:21.550000|1
2022-05-06 17:03:21.550000|1
2022-05-06 17:34:34.203000|1
2022-05-06 17:34:34.203000|2
2022-05-06 17:37:35.976000|1
2022-05-06 17:37:35.976000|2
2022-05-06 17:38:57.904000|2
2022-05-06 17:38:57.904000|1
2022-05-06 17:39:46.271000|1
2022-05-06 17:39:46.271000|2
2022-05-06 17:40:30.430000|1
2022-05-06 17:40:30.430000|2
2022-05-06 17:41:14.073000|1
2022-05-06 17:41:14.073000|2
2022-05-06 17:42:06.601000|1
2022-05-06 17:42:06.601000|2
2022-05-06 18:37:47.074000|3
2022-05-06 18:37:47.074000|2
2022-05-06 18:42:04.257000|2
2022-05-06 18:42:04.257000|1
2022-05-06 18:42:35.690000|2
2022-05-06 18:42:35.690000|1
2022-05-06 18:45:57.312000|1
2022-05-06 18:45:57.312000|0
2022-05-06 18:48:04.889000|3
2022-05-06 18:48:04.889000|2
2022-05-06 19:05:15.995000|3
2022-05-06 19:05:15.995000|2
2022-05-06 19:10:57.755000|3
2022-05-06 19:10:57.755000|4
2022-05-06 19:12:31.535000|1
2022-05-06 19:12:31.535000|1
2022-05-06 19:13:48.583000|2
2022-05-06 19:13:48.583000|1
2022-05-06 21:51:46.785000|1
2022-05-06 21:51:46.785000|2
2022-05-06 21:53:59.451000|2
2022-05-06 21:53:59.451000|1
2022-05-06 21:59:12.449000|2
2022-05-06 21:59:12.449000|3
2022-05-06 22:02:30.228000|2
2022-05-06 22:02:30.228000|4
2022-05-06 22:16:25.746000|2
2022-05-06 22:16:25.746000|1
2022-05-06 22:23:35.601000|2
2022-05-06 22:23:35.601000|4
2022-05-09 11:43:51.002000|2
2022-05-09 11:43:51.002000|3
2022-05-09 12:22:40.134000|1
2022-05-09 12:22:40.134000|2
2022-05-09 12:44:26.559000|2
2022-05-09 12:44:26.559000|3
2022-05-09 12:45:38.672000|1
2022-05-09 12:45:38.672000|3
2022-05-09 12:45:45.183000|4
2022-05-09 12:45:45.183000|4
2022-05-09 12:46:11.055000|3
2022-05-09 12:46:11.055000|4
2022-05-09 12:46:22.465000|1
2022-05-09 12:46:22.465000|2
2022-05-09 12:46:45.430000|1
2022-05-09 12:46:45.430000|1
2022-05-09 12:47:03.177000|1
2022-05-09 12:47:03.177000|1
2022-05-09 12:47:07.635000|1
2022-05-09 12:47:07.635000|2
2022-05-09 12:47:30.070000|1
2022-05-09 12:47:30.070000|2
2022-05-09 12:48:09.338000|1
2022-05-09 12:48:09.338000|2
2022-05-09 12:48:29.894000|1
2022-05-09 12:48:29.894000|2
2022-05-09 12:49:14.287000|3
2022-05-09 12:49:14.287000|1
2022-05-09 12:49:56.399000|1
2022-05-09 12:49:56.399000|2
2022-05-09 12:50:37.267000|1
2022-05-09 12:50:37.267000|3
2022-05-09 12:51:26.904000|3
2022-05-09 12:51:26.904000|1
2022-05-09 12:52:11.747000|3
2022-05-09 12:52:11.747000|1
2022-05-09 12:54:27.748000|0
2022-05-09 12:54:27.748000|0
2022-05-09 13:02:21.382000|2
2022-05-09 13:02:21.382000|1
2022-05-09 13:04:18.432000|2
2022-05-09 13:04:18.432000|1
2022-05-09 13:05:16.014000|1
2022-05-09 13:05:16.014000|2
2022-05-09 14:34:03.115000|3
2022-05-09 14:34:03.115000|1
2022-05-09 14:46:47.933000|1
2022-05-09 14:46:47.933000|1
2022-05-09 15:13:12.374000|1
2022-05-09 15:13:12.374000|158
2022-05-09 15:17:15.466000|2
2022-05-09 15:17:15.466000|1
2022-05-09 15:30:03.767000|10
2022-05-09 15:30:03.767000|1
2022-05-09 16:29:28.942000|1
2022-05-09 16:29:28.942000|2
2022-05-09 17:30:27.677000|1
2022-05-09 17:30:27.677000|0
2022-05-09 18:08:18.599000|1
2022-05-09 18:08:18.599000|3
2022-05-09 18:25:12.990000|1
2022-05-09 18:25:12.990000|35
2022-05-10 12:30:27.714000|2
2022-05-10 12:30:27.714000|6
2022-05-10 16:41:48.668000|266
2022-05-10 16:41:48.668000|1
2022-05-10 17:17:51.995000|1
2022-05-10 17:17:51.995000|3
2022-05-10 17:19:57.809000|4
2022-05-10 17:19:57.809000|2
2022-05-10 17:36:17.414000|2
2022-05-10 17:36:17.414000|1
2022-05-10 18:29:22.465000|1
2022-05-10 18:29:22.465000|1
2022-05-11 09:40:03.319000|7
2022-05-11 09:40:03.319000|9
2022-05-11 10:00:40.676000|2
2022-05-11 10:00:40.676000|3
2022-05-11 10:22:31.513000|4
2022-05-11 10:22:31.513000|2
2022-05-11 10:27:47.897000|2
2022-05-11 10:27:47.897000|1
2022-05-11 10:36:30.062000|2
2022-05-11 10:36:30.062000|3
2022-05-11 10:46:09.571000|3
2022-05-11 10:46:09.571000|4
2022-05-11 10:47:00.980000|3
2022-05-11 10:47:00.980000|4
2022-05-11 10:56:06.372000|2
2022-05-11 10:56:06.372000|3
2022-05-11 12:06:53.823000|2
2022-05-11 12:06:53.823000|4
2022-05-11 12:11:59.947000|2
2022-05-11 12:11:59.947000|4
2022-05-11 12:14:01.782000|3
2022-05-11 12:14:01.782000|6
2022-05-11 12:18:07.367000|6
2022-05-11 12:18:07.367000|3
2022-05-11 12:19:36.711000|6
2022-05-11 12:19:36.711000|3
2022-05-11 12:20:25.694000|3
2022-05-11 12:20:25.694000|6
2022-05-11 12:21:17.439000|6
2022-05-11 12:21:17.439000|3
2022-05-11 12:39:04.922000|4
2022-05-11 12:39:04.922000|2
2022-05-11 13:00:45.615000|5
2022-05-11 13:00:45.615000|3
2022-05-11 14:44:04.931000|2
2022-05-11 14:44:04.931000|161
2022-05-11 14:50:41.507000|3
2022-05-11 14:50:41.507000|2
2022-05-11 14:52:58.037000|2
2022-05-11 14:52:58.037000|3
2022-05-11 14:54:04.917000|2
2022-05-11 14:54:04.917000|3
2022-05-11 14:54:45.023000|3
2022-05-11 14:54:45.023000|2
2022-05-11 14:55:23.842000|3
2022-05-11 14:55:23.842000|1
2022-05-11 14:56:31.572000|2
2022-05-11 14:56:31.572000|1
2022-05-11 19:04:47.194000|1
2022-05-11 19:04:47.194000|1
2022-05-12 17:09:38.953000|31
2022-05-12 17:09:38.953000|1
2022-05-12 17:13:08.323000|2
2022-05-12 17:13:08.323000|4
2022-05-12 17:17:05.716000|1
2022-05-12 17:17:05.716000|294
2022-05-12 17:22:03.653000|1
2022-05-12 17:22:03.653000|1
2022-05-12 17:23:37.138000|3
2022-05-12 17:23:37.138000|2
2022-05-12 18:30:29.029000|1
2022-05-12 18:30:29.029000|136
2022-05-13 10:37:25.532000|4
2022-05-13 10:37:25.532000|7
2022-05-13 10:38:43.960000|1
2022-05-13 10:38:43.960000|1
2022-05-13 12:22:19.144000|1
2022-05-13 12:22:19.144000|3
2022-05-13 12:23:21.064000|1
2022-05-13 12:23:21.064000|1
2022-05-16 12:19:12.505000|4
2022-05-16 12:19:12.505000|3
2022-05-16 12:20:35.815000|2
2022-05-16 12:20:35.815000|4
2022-05-16 12:21:07.502000|1
2022-05-16 12:21:07.502000|2
2022-05-16 12:57:15.213000|1
2022-05-16 12:57:15.213000|2
2022-05-16 14:31:54.434000|1
2022-05-16 14:31:54.434000|2
2022-05-17 10:30:36.294000|2
2022-05-17 10:30:36.294000|6
2022-05-17 13:01:36.495000|4
2022-05-17 13:01:36.495000|3
2022-05-17 13:16:36.954000|2
2022-05-17 13:16:36.954000|3
2022-05-17 13:30:04.710000|1
2022-05-17 13:30:04.710000|2
2022-05-17 13:48:18.426000|3
2022-05-17 13:48:18.426000|1
2022-05-17 13:53:09.339000|1
2022-05-17 13:53:09.339000|3
2022-05-17 14:38:46.355000|0
2022-05-17 14:38:46.355000|1
2022-05-18 18:34:27.468000|17
2022-05-18 18:34:27.468000|13
2022-05-18 18:35:47.983000|22
2022-05-18 18:35:47.983000|16
2022-05-18 18:37:00.769000|3
2022-05-18 18:37:00.769000|3
2022-05-19 11:19:04.535000|28
2022-05-19 11:19:04.535000|7
2022-05-19 15:56:33.506000|18
2022-05-19 15:56:33.506000|21
2022-05-19 15:59:01.506000|23
2022-05-19 15:59:01.506000|25
2022-05-19 16:04:09.857000|26
2022-05-19 16:04:09.857000|28
2022-05-19 16:06:09.722000|8
2022-05-19 16:06:09.722000|95
2022-05-19 16:10:55.692000|4
2022-05-19 16:10:55.692000|3
2022-05-19 16:11:26.708000|9
2022-05-19 16:11:26.708000|8
2022-05-19 16:12:12.018000|4
2022-05-19 16:12:12.018000|7
2022-05-19 16:12:43.340000|8
2022-05-19 16:12:43.340000|12
2022-05-19 16:31:36.412000|6
2022-05-19 16:31:36.412000|3
2022-05-19 16:37:01.285000|2
2022-05-19 16:37:01.285000|2
2022-05-19 16:41:31.346000|5
2022-05-19 16:41:31.346000|137
2022-05-19 18:41:20.812000|8
2022-05-19 18:41:20.812000|8
2022-05-19 19:32:34.449000|11
2022-05-19 19:32:34.449000|8
2022-05-20 10:37:59.919000|35
2022-05-20 10:37:59.919000|56
2022-05-20 10:52:45.283000|3
2022-05-20 10:52:45.283000|4
2022-05-20 10:56:13.931000|12
2022-05-20 10:56:13.931000|8
2022-05-20 11:16:07.470000|2
2022-05-20 11:16:07.470000|3
2022-05-20 11:23:07.007000|3
2022-05-20 11:23:07.007000|2
2022-05-20 12:27:22.119000|4
2022-05-20 12:27:22.119000|4
2022-05-23 15:52:32.127000|4
2022-05-23 15:52:32.127000|7
2022-05-23 17:06:27.111000|66
2022-05-23 17:06:27.111000|64
2022-05-23 17:08:39.574000|60
2022-05-23 17:08:39.574000|66
2022-05-23 17:13:55.360000|57
2022-05-23 17:13:55.360000|54
2022-05-23 17:21:37.059000|10
2022-05-23 17:21:37.059000|7
2022-05-23 17:22:57.052000|14
2022-05-23 17:22:57.052000|12
2022-05-23 17:30:32.531000|66
2022-05-23 17:30:32.531000|74
2022-05-23 18:59:56.706000|9
2022-05-23 18:59:56.706000|9
2022-05-23 19:08:22.438000|2
2022-05-23 19:08:22.438000|0
2022-05-23 19:09:33.018000|0
2022-05-23 19:09:33.018000|1
2022-05-24 10:35:41.589000|203
2022-05-24 10:35:41.589000|199
2022-05-24 10:43:24.676000|196
2022-05-24 10:43:24.676000|202
2022-05-24 10:49:04.227000|189
2022-05-24 10:49:04.227000|183
2022-05-24 11:16:53.031000|206
2022-05-24 11:16:53.031000|206
2022-05-24 11:21:54.892000|209
2022-05-24 11:21:54.892000|208
2022-05-24 11:26:34.049000|213
2022-05-24 11:26:34.049000|214
2022-05-24 11:32:12.837000|228
2022-05-24 11:32:12.837000|228
2022-05-24 11:37:49.118000|236
2022-05-24 11:37:49.118000|235
2022-05-24 11:42:39.744000|221
2022-05-24 11:42:39.744000|221
2022-05-24 11:42:40.282000|222
2022-05-24 11:42:40.282000|223
2022-05-24 11:46:47.875000|213
2022-05-24 11:46:47.875000|212
2022-05-24 11:49:53.413000|220
2022-05-24 11:49:53.413000|221
2022-05-24 11:54:06.616000|215
2022-05-24 11:54:06.616000|217
2022-05-24 11:55:48.491000|225
2022-05-24 11:55:48.491000|226
2022-05-24 12:00:38.859000|221
2022-05-24 12:00:38.859000|219
2022-05-24 12:04:36.120000|226
2022-05-24 12:04:36.120000|224
2022-05-24 12:12:42.589000|231
2022-05-24 12:12:42.589000|232
2022-05-24 12:16:52.525000|218
2022-05-24 12:16:52.525000|218
2022-05-24 12:20:52.403000|166
2022-05-24 12:20:52.403000|172
2022-05-24 12:25:41.041000|23
2022-05-24 12:25:41.041000|26
2022-05-24 12:27:12.612000|20
2022-05-24 12:27:12.612000|23
2022-05-24 12:28:13.174000|29
2022-05-24 12:28:13.174000|32
2022-05-24 12:29:23.266000|24
2022-05-24 12:29:23.266000|24
2022-05-24 12:30:38.570000|26
2022-05-24 12:30:38.570000|26
2022-05-24 12:32:13.367000|24
2022-05-24 12:32:13.367000|24
2022-05-24 12:34:03.594000|24
2022-05-24 12:34:03.594000|24
2022-05-24 12:34:48.432000|23
2022-05-24 12:34:48.432000|23
2022-05-24 12:35:30.772000|23
2022-05-24 12:35:30.772000|23
2022-05-24 12:37:43.414000|34
2022-05-24 12:37:43.414000|34
2022-05-24 12:38:33.172000|33
2022-05-24 12:38:33.172000|32
2022-05-24 12:39:55.461000|35
2022-05-24 12:39:55.461000|34
2022-05-24 12:42:43.812000|32
2022-05-24 12:42:43.812000|32
2022-05-24 12:43:33.983000|32
2022-05-24 12:43:33.983000|31
2022-05-24 12:44:23.355000|34
2022-05-24 12:44:23.355000|33
2022-05-24 12:47:52.668000|27
2022-05-24 12:47:52.668000|28
2022-05-24 12:57:21.488000|39
2022-05-24 12:57:21.488000|38
2022-05-24 12:58:23.997000|31
2022-05-24 12:58:23.997000|32
2022-05-24 13:27:09.594000|34
2022-05-24 13:27:09.594000|35
2022-05-24 13:55:23.557000|52
2022-05-24 13:55:23.557000|53
2022-05-24 13:56:41.940000|47
2022-05-24 13:56:41.940000|47
2022-05-24 14:01:19.532000|59
2022-05-24 14:01:19.532000|59
2022-05-24 14:07:46.799000|60
2022-05-24 14:07:46.799000|59
2022-05-24 14:14:22.815000|72
2022-05-24 14:14:22.815000|74
2022-05-24 16:00:19.507000|1
2022-05-24 16:00:19.507000|1
2022-05-24 16:12:00.307000|6
2022-05-24 16:12:00.307000|12
2022-05-24 16:21:58.811000|139
2022-05-24 16:21:58.811000|138
2022-05-24 16:24:51.086000|137
2022-05-24 16:24:51.086000|132
2022-05-24 17:50:16.519000|188
2022-05-24 17:50:16.519000|186
2022-05-24 18:11:24.628000|211
2022-05-24 18:11:24.628000|212
2022-05-24 18:24:33.732000|213
2022-05-24 18:24:33.732000|215
2022-05-24 18:46:01.745000|225
2022-05-24 18:46:01.745000|218
2022-05-25 10:07:30.053000|274
2022-05-25 10:07:30.053000|286
2022-05-25 10:21:44.403000|281
2022-05-25 10:21:44.403000|280
2022-05-25 11:15:06.946000|4
2022-05-25 11:15:06.946000|3
2022-05-25 11:46:02.455000|0
2022-05-25 11:46:02.455000|293
2022-05-25 11:56:27.764000|0
2022-05-25 11:56:27.764000|0
2022-05-25 12:01:37.450000|23
2022-05-25 12:01:37.450000|106
2022-05-25 12:20:59.004000|0
2022-05-25 12:20:59.004000|33
2022-05-25 12:25:30.868000|38
2022-05-25 12:25:30.868000|44
2022-05-25 12:48:29.060000|2
2022-05-25 12:48:29.060000|57
2022-05-25 12:50:58.711000|2
2022-05-25 12:50:58.711000|67
2022-05-25 12:53:07.842000|77
2022-05-25 12:53:07.842000|118
2022-05-25 13:37:39.713000|2
2022-05-25 13:37:39.713000|3
2022-05-25 14:02:00.985000|86
2022-05-25 14:02:00.985000|3
2022-05-25 14:10:36.883000|2
2022-05-25 14:10:36.883000|104
2022-05-25 14:21:34.122000|167
2022-05-25 14:21:34.122000|247
2022-05-25 14:29:33.583000|134
2022-05-25 14:29:33.583000|187
2022-05-25 14:41:01.347000|7
2022-05-25 14:41:01.347000|108
2022-05-25 14:45:07.268000|36
2022-05-25 14:45:07.268000|122
2022-05-25 14:49:52.439000|121
2022-05-25 14:49:52.439000|3
2022-05-25 14:50:24.843000|124
2022-05-25 14:50:24.843000|120
2022-05-25 14:58:49.508000|190
2022-05-25 14:58:49.508000|177
2022-05-25 15:03:47.961000|5
2022-05-25 15:03:47.961000|0
2022-05-25 15:04:22.598000|127
2022-05-25 15:04:22.598000|148
2022-05-25 17:00:39.294000|272
2022-05-25 17:00:39.294000|8
2022-05-25 17:01:02.670000|279
2022-05-25 17:01:02.670000|8
2022-05-25 17:06:21.874000|262
2022-05-25 17:06:21.874000|8
2022-05-25 17:07:58.321000|0
2022-05-25 17:07:58.321000|0
2022-05-25 17:08:19.190000|6
2022-05-25 17:08:19.190000|236
2022-05-25 17:13:54.702000|11
2022-05-25 17:13:54.702000|18
2022-05-25 17:14:25.574000|236
2022-05-25 17:14:25.574000|9
2022-05-25 17:28:45.802000|0
2022-05-25 17:28:45.802000|11
2022-05-25 17:29:42.230000|0
2022-05-25 17:29:42.230000|16
2022-05-25 17:30:33.463000|0
2022-05-25 17:30:33.463000|0
2022-05-25 17:45:05.519000|243
2022-05-25 17:45:05.519000|4
2022-05-25 17:45:55.095000|239
2022-05-25 17:45:55.095000|0
2022-05-25 18:42:40.670000|0
2022-05-25 18:42:40.670000|273
2022-05-25 18:48:11.788000|0
2022-05-25 18:48:11.788000|0
2022-05-26 11:35:20.181000|0
2022-05-26 11:35:20.181000|0
2022-05-26 11:35:44.306000|0
2022-05-26 11:35:44.306000|0
2022-05-26 11:36:12.310000|0
2022-05-26 11:36:12.310000|0
2022-05-26 12:13:48.940000|2
2022-05-26 12:13:48.940000|4
2022-05-26 12:15:19.615000|41
2022-05-26 12:15:19.615000|0
2022-05-26 12:20:37.202000|0
2022-05-26 12:20:37.202000|31
2022-05-26 12:21:41.497000|28
2022-05-26 12:21:41.497000|28
2022-05-26 12:22:22.332000|0
2022-05-26 12:22:22.332000|0
2022-05-26 14:36:26.766000|9
2022-05-26 14:36:26.766000|74
2022-05-26 14:43:17.373000|6
2022-05-26 14:43:17.373000|11
2022-05-26 14:52:41.499000|100
2022-05-26 14:52:41.499000|16
2022-05-26 16:22:18.575000|6
2022-05-26 16:22:18.575000|3
2022-05-26 16:23:30.815000|6
2022-05-26 16:23:30.815000|4
2022-05-26 16:26:48.431000|5
2022-05-26 16:26:48.431000|5
2022-05-26 16:30:28.641000|4
2022-05-26 16:30:28.641000|9
2022-05-26 16:36:58.315000|17
2022-05-26 16:36:58.315000|2
2022-05-26 16:38:06.190000|11
2022-05-26 16:38:06.190000|0
2022-05-26 16:39:37.338000|6
2022-05-26 16:39:37.338000|4
2022-05-26 16:39:42.208000|4
2022-05-26 16:39:42.208000|7
2022-05-26 16:40:23.398000|13
2022-05-26 16:40:23.398000|10
2022-05-26 16:40:25.720000|15
2022-05-26 16:40:25.720000|7
2022-05-26 16:41:35.907000|4
2022-05-26 16:41:35.907000|8
2022-05-26 17:19:22.126000|3
2022-05-26 17:19:22.126000|2
2022-05-26 17:20:37.309000|4
2022-05-26 17:20:37.309000|3
2022-05-26 17:20:54.660000|31
2022-05-26 17:20:54.660000|33
2022-05-26 17:22:23.921000|2
2022-05-26 17:22:23.921000|37
2022-05-26 17:24:09.266000|0
2022-05-26 17:24:09.266000|0
2022-05-26 17:27:38.121000|0
2022-05-26 17:27:38.121000|2
2022-05-26 17:30:28.982000|0
2022-05-26 17:30:28.982000|41
2022-05-26 18:02:16.115000|13
2022-05-26 18:02:16.115000|76
2022-05-26 18:06:47.910000|4
2022-05-26 18:06:47.910000|59
2022-05-26 18:33:58.157000|2
2022-05-26 18:33:58.157000|2
2022-05-26 19:20:40.233000|95
2022-05-26 19:20:40.233000|104
2022-05-27 12:17:42.593000|31
2022-05-27 12:17:42.593000|29
2022-05-27 12:19:43.968000|147
2022-05-27 12:19:43.968000|151
2022-05-27 12:26:32.410000|5
2022-05-27 12:26:32.410000|142
2022-05-27 13:29:07.924000|0
2022-05-27 13:29:07.924000|154
2022-05-27 13:35:06.518000|178
2022-05-27 13:35:06.518000|176
2022-05-27 14:07:20.339000|9
2022-05-27 14:07:20.339000|11
2022-05-27 14:23:57.354000|8
2022-05-27 14:23:57.354000|11
2022-05-27 14:49:57.626000|40
2022-05-27 14:49:57.626000|2
2022-05-27 14:55:52.267000|42
2022-05-27 14:55:52.267000|0
2022-05-27 15:11:16.369000|0
2022-05-27 15:11:16.369000|54
2022-05-27 15:23:36.983000|3
2022-05-27 15:23:36.983000|56
2022-05-27 15:27:46.100000|3
2022-05-27 15:27:46.100000|5
2022-05-27 15:35:55.593000|61
2022-05-27 15:35:55.593000|3
2022-05-27 16:48:06.119000|3
2022-05-27 16:48:06.119000|5
2022-05-27 16:51:51.317000|95
2022-05-27 16:51:51.317000|0
2022-05-27 16:56:08.897000|0
2022-05-27 16:56:08.897000|0
2022-05-27 17:05:44.385000|1
2022-05-27 17:05:44.385000|104
2022-05-27 17:18:11.449000|89
2022-05-27 17:18:11.449000|0
2022-05-27 17:29:34.391000|0
2022-05-27 17:29:34.391000|91
2022-05-27 17:42:17.080000|0
2022-05-27 17:42:17.080000|0
2022-05-27 19:37:10.357000|20
2022-05-27 19:37:10.357000|192
2022-05-30 11:45:26.235000|189
2022-05-30 11:45:26.235000|183
2022-05-30 11:56:49.798000|23
2022-05-30 11:56:49.798000|3
2022-05-30 13:52:59.725000|80
2022-05-30 13:52:59.725000|78
2022-05-30 13:53:19.486000|74
2022-05-30 13:53:19.486000|75
2022-05-30 13:56:39.511000|66
2022-05-30 13:56:39.511000|0
2022-05-30 14:06:19.827000|75
2022-05-30 14:06:19.827000|73
2022-05-30 14:30:29.401000|2
2022-05-30 14:30:29.401000|3
2022-05-30 14:56:56.158000|100
2022-05-30 14:56:56.158000|98
2022-05-30 15:55:20.630000|127
2022-05-30 15:55:20.630000|126
2022-05-30 15:56:19.020000|3
2022-05-30 15:56:19.020000|125
2022-05-30 16:10:40.431000|4
2022-05-30 16:10:40.431000|3
2022-05-30 16:10:40.963000|2
2022-05-30 16:10:40.963000|155
2022-05-30 16:13:14.172000|138
2022-05-30 16:13:14.172000|0
2022-05-30 16:38:16.560000|136
2022-05-30 16:38:16.560000|0
2022-05-30 20:29:58.930000|1
2022-05-30 20:29:58.930000|0
